<?xml version="1.0" encoding="UTF-8"?>
<beans:beans xmlns="http://www.springframework.org/schema/security"
	xmlns:beans="http://www.springframework.org/schema/beans" 
	xmlns:xsi="http://www.w3.org/2001/XMLSchema-instance"
	xsi:schemaLocation="http://www.springframework.org/schema/beans
	http://www.springframework.org/schema/beans/spring-beans-3.1.xsd
	http://www.springframework.org/schema/security
	http://www.springframework.org/schema/security/spring-security-3.1.xsd">
	
	

<http auto-config="true">

<intercept-url pattern="/loginpage" access="IS_AUTHENTICATED_ANONYMOUSLY"/>
<intercept-url pattern="/logout" access="IS_AUTHENTICATED_ANONYMOUSLY" />

<intercept-url pattern="/insertbyadmin" access="ROLE_ADMIN"/>


<intercept-url pattern="/Insert" access="ROLE_USER"/>
<intercept-url pattern="/Update" access="ROLE_USER"/>
<intercept-url pattern="/Delete" access="ROLE_USER"/>
<intercept-url pattern="/View" access="ROLE_USER"/>
<intercept-url pattern="/view1" access="ROLE_USER"/>
<intercept-url pattern="/view1" access="ROLE_USER"/>

<intercept-url pattern="/viewwithname" access="ROLE_USER"/>

<intercept-url pattern="/user1" access="ROLE_USER"/>

<intercept-url pattern="/Update12" access="ROLE_USER"/>

<intercept-url pattern="/view1" access="ROLE_USER"/>

<intercept-url pattern="/view1" access="ROLE_USER"/>

<intercept-url pattern="/view1" access="ROLE_USER"/>





<intercept-url pattern="/*" access="ROLE_USER,ROLE_ADMIN"/>



<!-- <logout logout-success-url="/logout"/> -->
<form-login login-page="/loginpage" default-target-url="/target" always-use-default-target="true"/>

<session-management>
<concurrency-control max-sessions="1"/>
</session-management>

</http>

<beans:bean id ="bcrypt" class="org.springframework.security.crypto.bcrypt.BCryptPasswordEncoder" ></beans:bean>


<beans:bean id="ds" class="org.springframework.jdbc.datasource.DriverManagerDataSource">
<beans:property name="driverClassName" value="oracle.jdbc.driver.OracleDriver"/>
<beans:property name="url" value="jdbc:oracle:thin:@10.1.50.198:1521:orcl"/>
<beans:property name="username" value="sh"/>
<beans:property name="password" value="sh"/>
</beans:bean>











<authentication-manager>

<authentication-provider>

<password-encoder ref="bcrypt"></password-encoder>
<jdbc-user-service data-source-ref="ds" users-by-username-query="select username,password,enabled from amita_user where username=?" authorities-by-username-query="select username,role from amita_role where username=?"/>
<!-- <user-service>
<user name="maker" password="pm" authorities="ROLE_MAKER"/>
<user name="checker" password="pc" authorities="ROLE_CHECKER"/>
</user-service> -->
</authentication-provider>
</authentication-manager>

</beans:beans>

